{
    "eval_samples": 6178,
    "exact_match": 85.36543124350537,
    "f1": 90.42451097568886
}